Name,Candidate,Party,Year,Election cycle,Amount,Race-Ethnicity
Aaron Pena,Aaron Pena,D,2009,2009-2010,35543.13,Hispanic
Aaron Pena,Aaron Pena,R,2010,2009-2010,70550,Hispanic
Aaron Pena,Aaron Pena,R,2011,2011-2012,58893.18,Hispanic
Abel Herrero,Abel Herrero,D,2009,2009-2010,167189.73,Hispanic
Abel Herrero,Abel Herrero,D,2012,2011-2012,538533,Hispanic
Abel Herrero,Abel Herrero,D,2013,2013-2014,95394.01,Hispanic
Abel Herrero,Abel Herrero,D,2014,2013-2014,134394.96,Hispanic
Al Edwards,Al Edwards,D,2009,2009-2010,35674.66,Black
Allan Ritter,Allan Ritter,D,2009,2009-2010,34728.82,White
Allan Ritter,Allan Ritter,R,2010,2009-2010,150300,White
Allan Ritter,Allan Ritter,R,2011,2011-2012,43958.3,White
Allan Ritter,Allan Ritter,R,2012,2011-2012,357082.25,White
Allan Ritter,Allan Ritter,R,2013,2013-2014,10000,White
Allen Fletcher,Allen Fletcher,R,2009,2009-2010,56395,White
Allen Fletcher,Allen Fletcher,R,2010,2009-2010,98233.8,White
Allen Fletcher,Allen Fletcher,R,2011,2011-2012,80257.5,White
Allen Fletcher,Allen Fletcher,R,2012,2011-2012,100607.34,White
Allen Fletcher,Allen Fletcher,R,2013,2013-2014,59665,White
Allen Fletcher,Allen Fletcher,R,2014,2013-2014,141210.24,White
Allen Vaught,Allen Vaught,R,2009,2009-2010,42401.64,White
Alma Allen,Alma Allen,D,2009,2009-2010,10350,Black
Alma Allen,Alma Allen,D,2010,2009-2010,44819.62,Black
Alma Allen,Alma Allen,D,2011,2011-2012,5565,Black
Alma Allen,Alma Allen,D,2012,2011-2012,247072.56,Black
Alma Allen,Alma Allen,D,2013,2013-2014,8877.27,Black
Alma Allen,Alma Allen,D,2014,2013-2014,106550.05,Black
Ana Hernandez,Ana Hernandez,D,2009,2009-2010,27238.72,Hispanic
Ana Hernandez,Ana Hernandez,D,2010,2009-2010,82086.12,Hispanic
Ana Hernandez,Ana Hernandez,D,2011,2011-2012,26305,Hispanic
Ana Hernandez,Ana Hernandez,D,2012,2011-2012,109676.07,Hispanic
Ana Hernandez,Ana Hernandez,D,2013,2013-2014,18100,Hispanic
Ana Hernandez,Ana Hernandez,D,2014,2013-2014,63392.84,Hispanic
Andrew S. Murr,Andrew S. Murr,R,2014,2013-2014,270800.51,White
Angie Chen Button,Angie Chen Button,R,2009,2009-2010,74056.57,Asian
Angie Chen Button,Angie Chen Button,R,2010,2009-2010,170658.42,Asian
Angie Chen Button,Angie Chen Button,R,2011,2011-2012,100297,Asian
Angie Chen Button,Angie Chen Button,R,2012,2011-2012,125990.16,Asian
Angie Chen Button,Angie Chen Button,R,2013,2013-2014,189636.13,Asian
Angie Chen Button,Angie Chen Button,R,2014,2013-2014,280773.09,Asian
Armando Martinez,Armando Martinez,D,2009,2009-2010,58388.16,Hispanic
Armando Martinez,Armando Martinez,D,2010,2009-2010,142510.62,Hispanic
Armando Martinez,Armando Martinez,D,2011,2011-2012,23821.93,Hispanic
Armando Martinez,Armando Martinez,D,2012,2011-2012,168868.67,Hispanic
Armando Martinez,Armando Martinez,D,2013,2013-2014,71895.36,Hispanic
Armando Martinez,Armando Martinez,D,2014,2013-2014,121018.92,Hispanic
Armando Walle,Armando Walle,D,2009,2009-2010,21865,Hispanic
Armando Walle,Armando Walle,D,2010,2009-2010,56384.38,Hispanic
Armando Walle,Armando Walle,D,2011,2011-2012,13425,Hispanic
Armando Walle,Armando Walle,D,2012,2011-2012,109243.53,Hispanic
Armando Walle,Armando Walle,D,2013,2013-2014,9450,Hispanic
Armando Walle,Armando Walle,D,2014,2013-2014,70206.41,Hispanic
Barbara Mallory Caraway,Barbara Mallory Caraway,D,2009,2009-2010,9956.64,White
Barbara Mallory Caraway,Barbara Mallory Caraway,D,2010,2009-2010,44809.23,White
Barbara Mallory Caraway,Barbara Mallory Caraway,D,2011,2011-2012,1998.54,White
Barbara Nash,Barbara Nash,R,2010,2009-2010,349577.58,White
Barbara Nash,Barbara Nash,R,2011,2011-2012,22496.34,White
Bennett Ratliff,Bennett Ratliff,R,2012,2011-2012,326648.31,White
Bennett Ratliff,Bennett Ratliff,R,2013,2013-2014,171545.38,White
Betty Brown,Betty Brown,R,2009,2009-2010,29449.72,White
Beverly Woolley,Beverly Woolley,R,2009,2009-2010,3250,White
Beverly Woolley,Beverly Woolley,R,2010,2009-2010,65564.16,White
Bob Hall,Bob Hall,R,2014,2013-2014,450800.22,White
Borris Miles,Borris Miles,D,2010,2009-2010,36600,Black
Borris Miles,Borris Miles,D,2011,2011-2012,29000,Black
Borris Miles,Borris Miles,D,2012,2011-2012,72869.28,Black
Borris Miles,Borris Miles,D,2014,2013-2014,78575,Black
Brandon Creighton,Brandon Creighton,R,2009,2009-2010,62990.35,White
Brandon Creighton,Brandon Creighton,R,2010,2009-2010,162652.17,White
Brandon Creighton,Brandon Creighton,R,2011,2011-2012,115745,White
Brian Birdwell,Brian Birdwell,R,2010,2009-2010,533998.3,White
Brian Birdwell,Brian Birdwell,R,2011,2011-2012,189183.24,White
Brian Birdwell,Brian Birdwell,R,2012,2011-2012,358763.03,White
Brian Birdwell,Brian Birdwell,R,2013,2013-2014,46360,White
Brian Birdwell,Brian Birdwell,R,2014,2013-2014,284900,White
Brian McCall,Brian McCall,R,2009,2009-2010,138050,White
Brooks Landgraf,Brooks Landgraf,R,2014,2013-2014,194456.35,White
Bryan Hughes,Bryan Hughes,R,2009,2009-2010,73578.26,White
Bryan Hughes,Bryan Hughes,R,2010,2009-2010,54910,White
Bryan Hughes,Bryan Hughes,R,2011,2011-2012,30604.53,White
Bryan Hughes,Bryan Hughes,R,2012,2011-2012,205287.33,White
Bryan Hughes,Bryan Hughes,R,2013,2013-2014,26124,White
Bryan Hughes,Bryan Hughes,R,2014,2013-2014,124385.45,White
Burt Solomons,Burt Solomons,R,2009,2009-2010,119055.94,White
Burt Solomons,Burt Solomons,R,2010,2009-2010,386882.1,White
Burt Solomons,Burt Solomons,R,2011,2011-2012,14500,White
Byron Cook,Byron Cook,R,2009,2009-2010,75101.63,White
Byron Cook,Byron Cook,R,2010,2009-2010,227807.43,White
Byron Cook,Byron Cook,R,2011,2011-2012,35750,White
Byron Cook,Byron Cook,R,2012,2011-2012,475982.77,White
Byron Cook,Byron Cook,R,2013,2013-2014,115330.81,White
Byron Cook,Byron Cook,R,2014,2013-2014,398295.06,White
Carl Isett,Carl Isett,R,2009,2009-2010,51870,White
Carlos Uresti,Carlos Uresti,D,2009,2009-2010,105255,Hispanic
Carlos Uresti,Carlos Uresti,D,2010,2009-2010,312546.72,Hispanic
Carlos Uresti,Carlos Uresti,D,2011,2011-2012,233338.68,Hispanic
Carlos Uresti,Carlos Uresti,D,2012,2011-2012,607427.56,Hispanic
Carlos Uresti,Carlos Uresti,D,2013,2013-2014,177263.07,Hispanic
Carlos Uresti,Carlos Uresti,D,2014,2013-2014,375636.42,Hispanic
Carol Alvarado,Carol Alvarado,D,2009,2009-2010,35842.67,Hispanic
Carol Alvarado,Carol Alvarado,D,2010,2009-2010,83150.73,Hispanic
Carol Alvarado,Carol Alvarado,D,2011,2011-2012,48649.3,Hispanic
Carol Alvarado,Carol Alvarado,D,2012,2011-2012,410377.81,Hispanic
Carol Alvarado,Carol Alvarado,D,2013,2013-2014,1120687.52,Hispanic
Carol Alvarado,Carol Alvarado,D,2014,2013-2014,186943.73,Hispanic
Carol Kent,Carol Kent,D,2009,2009-2010,185903.18,White
Cecil Bell Jr.,Cecil Bell Jr.,R,2014,2013-2014,29600,White
Celia Israel,Celia Israel,D,2013,2013-2014,302677.94,Hispanic
Celia Israel,Celia Israel,D,2014,2013-2014,279581.57,Hispanic
Cesar Blanco,Cesar Blanco,D,2014,2013-2014,441656.49,Hispanic
Charles Doc Anderson,Charles Doc Anderson,R,2009,2009-2010,32260,White
Charles Doc Anderson,Charles Doc Anderson,R,2010,2009-2010,677487.7,White
Charles Doc Anderson,Charles Doc Anderson,R,2011,2011-2012,32293.3,White
Charles Doc Anderson,Charles Doc Anderson,R,2012,2011-2012,280887.72,White
Charles Doc Anderson,Charles Doc Anderson,R,2013,2013-2014,30975,White
Charles Doc Anderson,Charles Doc Anderson,R,2014,2013-2014,59719.75,White
Charles Perry,Charles Perry,R,2010,2009-2010,195246.77,White
Charles Perry,Charles Perry,R,2011,2011-2012,68015,White
Charles Perry,Charles Perry,R,2012,2011-2012,142914.53,White
Charles Perry,Charles Perry,R,2013,2013-2014,89316.27,White
Charles Perry,Charles Perry,R,2014,2013-2014,928689.54,White
Charles Schwertner,Charles Schwertner,R,2013,2013-2014,4042.77,White
Charlie Geren,Charlie Geren,R,2009,2009-2010,218721.31,White
Charlie Geren,Charlie Geren,R,2010,2009-2010,549712.63,White
Charlie Geren,Charlie Geren,R,2011,2011-2012,189433.38,White
Charlie Geren,Charlie Geren,R,2012,2011-2012,450122.89,White
Charlie Geren,Charlie Geren,R,2013,2013-2014,235366.92,White
Charlie Geren,Charlie Geren,R,2014,2013-2014,487848.65,White
Charlie Howard,Charlie Howard,R,2009,2009-2010,19970,White
Charlie Howard,Charlie Howard,R,2010,2009-2010,124104.19,White
Chente Quintanilla,Chente Quintanilla,D,2009,2009-2010,12525.16,Hispanic
Chente Quintanilla,Chente Quintanilla,D,2010,2009-2010,79235.58,Hispanic
Chente Quintanilla,Chente Quintanilla,D,2011,2011-2012,6750,Hispanic
Chris Harris,Chris Harris,R,2009,2009-2010,78992.95,White
Chris Harris,Chris Harris,R,2010,2009-2010,343844.07,White
Chris Harris,Chris Harris,R,2011,2011-2012,17385,White
Chris Turner,Chris Turner,D,2009,2009-2010,187663.52,White
Chris Turner,Chris Turner,D,2012,2011-2012,268935.19,White
Chris Turner,Chris Turner,D,2013,2013-2014,119894.63,White
Chris Turner,Chris Turner,D,2014,2013-2014,123202.38,White
Chuck Hopson,Chuck Hopson,R,2009,2009-2010,148070.15,White
Chuck Hopson,Chuck Hopson,R,2010,2009-2010,479964.21,White
Chuck Hopson,Chuck Hopson,R,2011,2011-2012,93753.09,White
Cindy Burkett,Cindy Burkett,R,2010,2009-2010,815850.19,White
Cindy Burkett,Cindy Burkett,R,2011,2011-2012,103055.48,White
Cindy Burkett,Cindy Burkett,R,2012,2011-2012,120521.51,White
Cindy Burkett,Cindy Burkett,R,2013,2013-2014,59011.67,White
Cindy Burkett,Cindy Burkett,R,2014,2013-2014,535683.21,White
Citizens For Joe Crabb (DISSOLVED),Joe Crabb,R,2009,2009-2010,1500,White
Committee For Craig Eiland (DISSOLVED),Craig Eiland,D,2009,2009-2010,104200,White
Committee For Craig Eiland (DISSOLVED),Craig Eiland,D,2010,2009-2010,536694.38,White
Committee For Craig Eiland (DISSOLVED),Craig Eiland,D,2011,2011-2012,20750,White
Committee For Craig Eiland (DISSOLVED),Craig Eiland,D,2012,2011-2012,899208.36,White
Committee For Craig Eiland (DISSOLVED),Craig Eiland,D,2013,2013-2014,1750,White
Committee to Elect David L. Farabee (DISSOLVED),David L. Farabee,D,2009,2009-2010,3510.17,White
Committee to Elect Jason Isaac,Jason Isaac,R,2010,2009-2010,567316.98,White
Committee to Elect Jason Isaac,Jason Isaac,R,2011,2011-2012,69716.46,White
Committee to Elect Jason Isaac,Jason Isaac,R,2012,2011-2012,553887.2,White
Committee to Elect Jason Isaac,Jason Isaac,R,2013,2013-2014,215057.56,White
Committee to Elect Jason Isaac,Jason Isaac,R,2014,2013-2014,267424.07,White
Committee to Elect Patrick Rose (DISSOLVED),Patrick Rose,D,2009,2009-2010,327946.95,White
Connie Scott,Connie Scott,R,2010,2009-2010,748410.24,White
Connie Scott,Connie Scott,R,2011,2011-2012,20573.96,White
Craig Estes,Craig Estes,R,2009,2009-2010,90036.09,White
Craig Estes,Craig Estes,R,2010,2009-2010,331476.3,White
Craig Estes,Craig Estes,R,2011,2011-2012,160970,White
Craig Estes,Craig Estes,R,2012,2011-2012,585388.39,White
Craig Estes,Craig Estes,R,2013,2013-2014,115822.76,White
Craig Estes,Craig Estes,R,2014,2013-2014,473883.01,White
Craig Goldman,Craig Goldman,R,2012,2011-2012,182732.32,White
Craig Goldman,Craig Goldman,R,2013,2013-2014,96097.67,White
Craig Goldman,Craig Goldman,R,2014,2013-2014,130255.94,White
Dan Branch,Dan Branch,R,2010,2009-2010,33900,White
Dan Branch,Dan Branch,R,2011,2011-2012,21300,White
Dan Branch,Dan Branch,R,2012,2011-2012,59250,White
Dan Branch,Dan Branch,R,2013,2013-2014,103670,White
Dan Flynn,Dan Flynn,R,2009,2009-2010,60075.07,White
Dan Flynn,Dan Flynn,R,2010,2009-2010,234540.42,White
Dan Flynn,Dan Flynn,R,2011,2011-2012,33540,White
Dan Flynn,Dan Flynn,R,2012,2011-2012,229640.55,White
Dan Flynn,Dan Flynn,R,2013,2013-2014,76460.6,White
Dan Flynn,Dan Flynn,R,2014,2013-2014,146227.29,White
Dan Gattis,Dan Gattis,R,2009,2009-2010,6656.37,White
Dan Huberty,Dan Huberty,R,2010,2009-2010,362231.86,White
Dan Patrick,Dan Patrick,R,2009,2009-2010,1250,White
Dan Patrick,Dan Patrick,R,2012,2011-2012,12354.17,White
Dan Patrick,Dan Patrick,R,2014,2013-2014,122980.34,White
David Dewhurst Committee,David Dewhurst,R,2011,2011-2012,169500,White
David Leibowitz,David Leibowitz,D,2009,2009-2010,250,White
David Simpson,David Simpson,R,2010,2009-2010,174199.2,White
David Simpson,David Simpson,R,2011,2011-2012,82400.62,White
David Simpson,David Simpson,R,2012,2011-2012,229991.15,White
David Simpson,David Simpson,R,2013,2013-2014,89916.17,White
David Simpson,David Simpson,R,2014,2013-2014,144212.56,White
David Swinford,David Swinford,R,2009,2009-2010,33651.85,White
Dawnna Dukes Campaign,Dawnna Dukes,D,2009,2009-2010,28845.84,Black
Dawnna Dukes Campaign,Dawnna Dukes,D,2010,2009-2010,81968.53,Black
Dawnna Dukes Campaign,Dawnna Dukes,D,2011,2011-2012,25094.14,Black
Dawnna Dukes Campaign,Dawnna Dukes,D,2012,2011-2012,78086.91,Black
Dawnna Dukes Campaign,Dawnna Dukes,D,2013,2013-2014,19357.52,Black
Dawnna Dukes Campaign,Dawnna Dukes,D,2014,2013-2014,73620.37,Black
Debbie Riddle,Debbie Riddle,R,2009,2009-2010,83299.62,White
Debbie Riddle,Debbie Riddle,R,2010,2009-2010,128541.12,White
Debbie Riddle,Debbie Riddle,R,2011,2011-2012,89766.62,White
Debbie Riddle,Debbie Riddle,R,2012,2011-2012,52244.37,White
Debbie Riddle,Debbie Riddle,R,2013,2013-2014,26250,White
Debbie Riddle,Debbie Riddle,R,2014,2013-2014,90599.38,White
Dee Margo,Dee Margo,R,2010,2009-2010,895399.85,Hispanic
Dee Margo,Dee Margo,R,2011,2011-2012,130486,Hispanic
Delwin Jones,Delwin Jones,R,2009,2009-2010,68820.04,White
Dennis Bonnen,Dennis Bonnen,R,2009,2009-2010,6750,White
Dennis Bonnen,Dennis Bonnen,R,2010,2009-2010,213775.52,White
Dennis Bonnen,Dennis Bonnen,R,2011,2011-2012,48482.02,White
Dennis Bonnen,Dennis Bonnen,R,2012,2011-2012,202410.46,White
Dennis Bonnen,Dennis Bonnen,R,2013,2013-2014,85475,White
Dennis Bonnen,Dennis Bonnen,R,2014,2013-2014,223622.1,White
Dennis Paul,Dennis Paul,R,2014,2013-2014,148308.27,White
DeWayne Burns,DeWayne Burns,R,2014,2013-2014,243072.6,White
Diana Maldonado,Diana Maldonado,D,2009,2009-2010,125226.25,Hispanic
Diane Patrick,Diane Patrick,R,2009,2009-2010,41625.17,White
Diane Patrick,Diane Patrick,R,2010,2009-2010,76831.34,White
Diane Patrick,Diane Patrick,R,2011,2011-2012,26853.66,White
Diane Patrick,Diane Patrick,R,2012,2011-2012,174214.66,White
Diane Patrick,Diane Patrick,R,2013,2013-2014,96485.52,White
Diego Bernal,Diego Bernal,D,2014,2013-2014,92690.49,Hispanic
Don Huffines,Don Huffines,R,2014,2013-2014,1637242.83,White
Donna Campbell,Donna Campbell,R,2012,2011-2012,1045734.27,White
Donna Campbell,Donna Campbell,R,2014,2013-2014,90000,White
Donna Howard,Donna Howard,D,2009,2009-2010,56806.2,White
Donna Howard,Donna Howard,D,2010,2009-2010,297351.42,White
Donna Howard,Donna Howard,D,2011,2011-2012,102488,White
Donna Howard,Donna Howard,D,2012,2011-2012,295569.65,White
Donna Howard,Donna Howard,D,2013,2013-2014,61056.68,White
Donna Howard,Donna Howard,D,2014,2013-2014,73059.61,White
Dora Olivo,Dora Olivo,D,2009,2009-2010,20427.5,Hispanic
Doug Miller,Doug Miller,R,2009,2009-2010,50328.7,White
Doug Miller,Doug Miller,R,2010,2009-2010,107798.34,White
Doug Miller,Doug Miller,R,2011,2011-2012,31050,White
Doug Miller,Doug Miller,R,2012,2011-2012,174971.65,White
Doug Miller,Doug Miller,R,2013,2013-2014,42323.18,White
Doug Miller,Doug Miller,R,2014,2013-2014,217857.92,White
Drew Darby,Drew Darby,R,2009,2009-2010,49319.85,White
Drew Darby,Drew Darby,R,2010,2009-2010,233944.79,White
Drew Darby,Drew Darby,R,2011,2011-2012,124246.63,White
Drew Darby,Drew Darby,R,2012,2011-2012,297379.36,White
Drew Darby,Drew Darby,R,2013,2013-2014,218256.49,White
Drew Darby,Drew Darby,R,2014,2013-2014,575672.15,White
Drew Springer Jr.,Drew Springer Jr.,R,2012,2011-2012,228928.93,White
Drew Springer Jr.,Drew Springer Jr.,R,2013,2013-2014,20830.43,White
Drew Springer Jr.,Drew Springer Jr.,R,2014,2013-2014,101440.95,White
Dustin Burrows,Dustin Burrows,R,2014,2013-2014,105060,White
Dwayne Bohac,Dwayne Bohac,R,2009,2009-2010,188298,White
Dwayne Bohac,Dwayne Bohac,R,2010,2009-2010,570731.22,White
Dwayne Bohac,Dwayne Bohac,R,2011,2011-2012,39665,White
Dwayne Bohac,Dwayne Bohac,R,2012,2011-2012,194005.25,White
Dwayne Bohac,Dwayne Bohac,R,2013,2013-2014,68525.2,White
Dwayne Bohac,Dwayne Bohac,R,2014,2013-2014,198415.94,White
Ed Thompson,Ed Thompson,R,2012,2011-2012,2058.66,White
Eddie Lucio,Eddie Lucio,D,2009,2009-2010,68360.55,Hispanic
Eddie Lucio,Eddie Lucio,D,2010,2009-2010,427532.91,Hispanic
Eddie Lucio,Eddie Lucio,D,2011,2011-2012,77600,Hispanic
Eddie Lucio,Eddie Lucio,D,2012,2011-2012,482110.42,Hispanic
Eddie Lucio,Eddie Lucio,D,2013,2013-2014,90989.11,Hispanic
Eddie Lucio,Eddie Lucio,D,2014,2013-2014,365081.11,Hispanic
Eddie Lucio III,Eddie Lucio III,D,2009,2009-2010,63465.15,Hispanic
Eddie Lucio III,Eddie Lucio III,D,2010,2009-2010,188154.13,Hispanic
Eddie Lucio III,Eddie Lucio III,D,2011,2011-2012,70124.57,Hispanic
Eddie Lucio III,Eddie Lucio III,D,2012,2011-2012,310688.52,Hispanic
Eddie Lucio III,Eddie Lucio III,D,2013,2013-2014,38640.29,Hispanic
Eddie Lucio III,Eddie Lucio III,D,2014,2013-2014,240506.25,Hispanic
Eddie Rodriguez,Eddie Rodriguez,D,2009,2009-2010,28402.62,Hispanic
Eddie Rodriguez,Eddie Rodriguez,D,2010,2009-2010,107258.67,Hispanic
Eddie Rodriguez,Eddie Rodriguez,D,2011,2011-2012,21037.46,Hispanic
Eddie Rodriguez,Eddie Rodriguez,D,2012,2011-2012,116603.9,Hispanic
Eddie Rodriguez,Eddie Rodriguez,D,2013,2013-2014,62092.71,Hispanic
Eddie Rodriguez,Eddie Rodriguez,D,2014,2013-2014,133178.97,Hispanic
Edmund Kuempel,Edmund Kuempel,R,2009,2009-2010,109074.9,White
Edmund Kuempel,Edmund Kuempel,R,2010,2009-2010,298670.14,White
Eliot Shapleigh,Eliot Shapleigh,R,2009,2009-2010,66869.1,White
Ellen Cohen,Ellen Cohen,D,2009,2009-2010,182589.6,White
Elliott Naishtat,Elliott Naishtat,D,2009,2009-2010,51357,White
Elliott Naishtat,Elliott Naishtat,D,2010,2009-2010,94856.5,White
Elliott Naishtat,Elliott Naishtat,D,2011,2011-2012,57816,White
Elliott Naishtat,Elliott Naishtat,D,2012,2011-2012,97987,White
Elliott Naishtat,Elliott Naishtat,D,2013,2013-2014,35070.22,White
Elliott Naishtat,Elliott Naishtat,D,2014,2013-2014,64824.43,White
Eric Johnson,Eric Johnson,D,2009,2009-2010,175267.62,Black
Eric Johnson,Eric Johnson,D,2010,2009-2010,219262.92,Black
Eric Johnson,Eric Johnson,D,2011,2011-2012,76577.93,Black
Eric Johnson,Eric Johnson,D,2012,2011-2012,143384.57,Black
Eric Johnson,Eric Johnson,D,2013,2013-2014,92425.71,Black
Eric Johnson,Eric Johnson,D,2014,2013-2014,297463.3,Black
Erwin Cain,Erwin Cain,R,2010,2009-2010,817156.15,White
Erwin Cain,Erwin Cain,R,2011,2011-2012,1734.81,White
Florence Shapiro,Florence Shapiro,R,2009,2009-2010,42026.57,White
Florence Shapiro,Florence Shapiro,R,2010,2009-2010,362570.86,White
Florence Shapiro,Florence Shapiro,R,2011,2011-2012,2950,White
Frank Corte Jr.,Frank Corte Jr.,R,2009,2009-2010,8492.05,White
Fraser for Texas Senate,Troy Fraser,R,2009,2009-2010,204526.6,White
Fraser for Texas Senate,Troy Fraser,R,2010,2009-2010,449671.75,White
Fraser for Texas Senate,Troy Fraser,R,2011,2011-2012,176652.27,White
Fraser for Texas Senate,Troy Fraser,R,2012,2011-2012,397082.49,White
Fraser for Texas Senate,Troy Fraser,R,2013,2013-2014,161908.76,White
Fraser for Texas Senate,Troy Fraser,R,2014,2013-2014,628430.66,White
Fred Brown,Fred Brown,R,2009,2009-2010,20178.35,White
Fred Brown,Fred Brown,R,2010,2009-2010,130743.56,White
Friends of Bill Zedler,Bill Zedler,R,2010,2009-2010,28450,White
Friends of Bill Zedler,Bill Zedler,R,2012,2011-2012,800,White
Friends of Bill Zedler,Bill Zedler,R,2013,2013-2014,500,White
Friends of Bill Zedler,Bill Zedler,R,2014,2013-2014,1500,White
Friends of Bob Deuell,Bob Deuell,R,2009,2009-2010,168481.79,White
Friends of Bob Deuell,Bob Deuell,R,2010,2009-2010,762582.07,White
Friends of Bob Deuell,Bob Deuell,R,2011,2011-2012,116965.75,White
Friends of Bob Deuell,Bob Deuell,R,2012,2011-2012,453538.93,White
Friends of Bob Deuell,Bob Deuell,R,2013,2013-2014,233415.66,White
Friends of Brandon Creighton,Brandon Creighton,R,2012,2011-2012,456485.9,White
Friends of Brandon Creighton,Brandon Creighton,R,2013,2013-2014,864167.27,White
Friends of Brandon Creighton,Brandon Creighton,R,2014,2013-2014,1119728.51,White
Friends of Cecil Bell Jr.,Cecil Bell Jr.,R,2012,2011-2012,168420.72,White
Friends of Cecil Bell Jr.,Cecil Bell Jr.,R,2013,2013-2014,52685.53,White
Friends of Cecil Bell Jr.,Cecil Bell Jr.,R,2014,2013-2014,123000,White
Friends of Dan Huberty,Dan Huberty,R,2010,2009-2010,22875,White
Friends of Dan Huberty,Dan Huberty,R,2011,2011-2012,75725.16,White
Friends of Dan Huberty,Dan Huberty,R,2012,2011-2012,272473.95,White
Friends of Dan Huberty,Dan Huberty,R,2013,2013-2014,25134.62,White
Friends of Dan Huberty,Dan Huberty,R,2014,2013-2014,174585.71,White
Friends of Donna Campbell,Donna Campbell,R,2012,2011-2012,441951.05,White
Friends of Donna Campbell,Donna Campbell,R,2013,2013-2014,205147.77,White
Friends of Donna Campbell,Donna Campbell,R,2014,2013-2014,1074985.09,White
Friends of Dr. Greg Bonnen,Greg Bonnen,R,2012,2011-2012,408561.84,White
Friends of Dr. Greg Bonnen,Greg Bonnen,R,2013,2013-2014,109449.83,White
Friends of Dr. Greg Bonnen,Greg Bonnen,R,2014,2013-2014,196307.06,White
Friends of Ed Thompson,Ed Thompson,R,2012,2011-2012,164528.9,White
Friends of Ed Thompson,Ed Thompson,R,2013,2013-2014,72078.41,White
Friends of Ed Thompson,Ed Thompson,R,2014,2013-2014,111805.19,White
Friends of Jim Murphy,Jim Murphy,R,2010,2009-2010,634213.33,White
Friends of Jim Murphy,Jim Murphy,R,2011,2011-2012,94874.24,White
Friends of Jim Murphy,Jim Murphy,R,2012,2011-2012,361738.04,White
Friends of Jim Murphy,Jim Murphy,R,2013,2013-2014,147397.13,White
Friends of Jim Murphy,Jim Murphy,R,2014,2013-2014,197781.35,White
Friends of John Zerwas,John Zerwas,R,2009,2009-2010,104660.37,White
Friends of John Zerwas,John Zerwas,R,2010,2009-2010,321252.79,White
Friends of John Zerwas,John Zerwas,R,2011,2011-2012,132701.93,White
Friends of John Zerwas,John Zerwas,R,2012,2011-2012,375175.17,White
Friends of John Zerwas,John Zerwas,R,2013,2013-2014,100626.27,White
Friends of John Zerwas,John Zerwas,R,2014,2013-2014,438297.68,White
Friends of Ken King Political Action Committee (DISSOLVED),Ken King,R,2012,2011-2012,385951.86,White
Friends of Ken King Political Action Committee (DISSOLVED),Ken King,R,2013,2013-2014,18900,White
Friends of Ken Legler (DISSOLVED),Ken Legler,R,2009,2009-2010,24418.97,White
Friends of Ken Legler (DISSOLVED),Ken Legler,R,2010,2009-2010,503029.47,White
Friends of Ken Legler (DISSOLVED),Ken Legler,R,2011,2011-2012,31225,White
Friends of Larry Taylor,Larry Taylor,R,2009,2009-2010,64325,White
Friends of Larry Taylor,Larry Taylor,R,2010,2009-2010,267680.29,White
Friends of Larry Taylor,Larry Taylor,R,2011,2011-2012,254652.51,White
Friends of Larry Taylor,Larry Taylor,R,2012,2011-2012,1678066.71,White
Friends of Larry Taylor,Larry Taylor,R,2013,2013-2014,197509.89,White
Friends of Larry Taylor,Larry Taylor,R,2014,2013-2014,533331.06,White
Friends of Paul Bettencourt,Paul Bettencourt,R,2014,2013-2014,453512.8,White
Friends of Randy Weber (DISSOLVED),Randy Weber,R,2009,2009-2010,37189.11,White
Friends of Randy Weber (DISSOLVED),Randy Weber,R,2010,2009-2010,113883.75,White
Friends of Randy Weber (DISSOLVED),Randy Weber,R,2011,2011-2012,3750,White
Friends of Susan King,Susan King,R,2009,2009-2010,71632.78,White
Friends of Susan King,Susan King,R,2010,2009-2010,127728.84,White
Friends of Susan King,Susan King,R,2011,2011-2012,57437.35,White
Friends of Susan King,Susan King,R,2012,2011-2012,127846.1,White
Friends of Susan King,Susan King,R,2013,2013-2014,96704.65,White
Friends of Susan King,Susan King,R,2014,2013-2014,206124.34,White
Garnet Coleman,Garnet Coleman,D,2009,2009-2010,98848,Black
Garnet Coleman,Garnet Coleman,D,2010,2009-2010,449163.33,Black
Garnet Coleman,Garnet Coleman,D,2011,2011-2012,164049,Black
Garnet Coleman,Garnet Coleman,D,2012,2011-2012,470551.56,Black
Garnet Coleman,Garnet Coleman,D,2013,2013-2014,124919,Black
Garnet Coleman,Garnet Coleman,D,2014,2013-2014,274431,Black
Gary Elkins,Gary Elkins,R,2009,2009-2010,43925,White
Gary Elkins,Gary Elkins,R,2010,2009-2010,120987.6,White
Gary Elkins,Gary Elkins,R,2011,2011-2012,24500,White
Gary Elkins,Gary Elkins,R,2012,2011-2012,137244.94,White
Gary Elkins,Gary Elkins,R,2013,2013-2014,28150,White
Gary Elkins,Gary Elkins,R,2014,2013-2014,111041.21,White
Gary VanDeaver,Gary VanDeaver,R,2014,2013-2014,142287.98,White
Geanie Morrison,Geanie Morrison,R,2009,2009-2010,85013,White
Geanie Morrison,Geanie Morrison,R,2010,2009-2010,65044.25,White
Geanie Morrison,Geanie Morrison,R,2011,2011-2012,1000,White
Geanie Morrison,Geanie Morrison,R,2012,2011-2012,160420.91,White
Geanie Morrison,Geanie Morrison,R,2013,2013-2014,21751.7,White
Geanie Morrison,Geanie Morrison,R,2014,2013-2014,95436.94,White
Gene Wu,Gene Wu,D,2012,2011-2012,233314.97,Asian
Gene Wu,Gene Wu,D,2013,2013-2014,23003.33,Asian
Gene Wu,Gene Wu,D,2014,2013-2014,111162.32,Asian
George Lavender,George Lavender,R,2010,2009-2010,544530.5,White
George Lavender,George Lavender,R,2011,2011-2012,10120.05,White
George Lavender,George Lavender,R,2012,2011-2012,69096.61,White
George Lavender,George Lavender,R,2013,2013-2014,121352.34,White
Gilbert Pena,Gilbert Pena,R,2014,2013-2014,38548.34,Hispanic
Giovanni Capriglione,Giovanni Capriglione,R,2012,2011-2012,84797.64,White
Giovanni Capriglione,Giovanni Capriglione,R,2013,2013-2014,27601.18,White
Giovanni Capriglione,Giovanni Capriglione,R,2014,2013-2014,120405.88,White
Glenn Hegar,Glenn Hegar,R,2009,2009-2010,271949.46,White
Glenn Hegar,Glenn Hegar,R,2010,2009-2010,632823.08,White
Glenn Hegar,Glenn Hegar,R,2011,2011-2012,130400,White
Glenn Hegar,Glenn Hegar,R,2012,2011-2012,568071.6,White
Harold V. Dutton Jr.,Harold V. Dutton Jr.,D,2009,2009-2010,2000,Black
Harold V. Dutton Jr.,Harold V. Dutton Jr.,D,2010,2009-2010,78205,Black
Harold V. Dutton Jr.,Harold V. Dutton Jr.,D,2011,2011-2012,12500,Black
Harold V. Dutton Jr.,Harold V. Dutton Jr.,D,2012,2011-2012,106200,Black
Harold V. Dutton Jr.,Harold V. Dutton Jr.,D,2013,2013-2014,29490,Black
Harold V. Dutton Jr.,Harold V. Dutton Jr.,D,2014,2013-2014,119814,Black
Harvey Hilderbran,Harvey Hilderbran,R,2009,2009-2010,87917,White
Harvey Hilderbran,Harvey Hilderbran,R,2010,2009-2010,137211.5,White
Helen Giddings,Helen Giddings,D,2009,2009-2010,50631.04,Black
Helen Giddings,Helen Giddings,D,2010,2009-2010,73442,Black
Helen Giddings,Helen Giddings,D,2011,2011-2012,28335,Black
Helen Giddings,Helen Giddings,D,2012,2011-2012,71550,Black
Helen Giddings,Helen Giddings,D,2013,2013-2014,30985,Black
Helen Giddings,Helen Giddings,D,2014,2013-2014,132824.4,Black
Hubert Vo,Hubert Vo,D,2009,2009-2010,8349.84,Asian
Hubert Vo,Hubert Vo,D,2010,2009-2010,242587.91,Asian
Hubert Vo,Hubert Vo,D,2011,2011-2012,25131.3,Asian
Hubert Vo,Hubert Vo,D,2012,2011-2012,174021.63,Asian
Hubert Vo,Hubert Vo,D,2013,2013-2014,7739.08,Asian
Hubert Vo,Hubert Vo,D,2014,2013-2014,215577.33,Asian
Ismael Kino Flores,Ismael Kino Flores,D,2009,2009-2010,56550,White
J.D. Sheffield,J.D. Sheffield,R,2012,2011-2012,296320.48,White
J.D. Sheffield,J.D. Sheffield,R,2013,2013-2014,132716.12,White
J.D. Sheffield,J.D. Sheffield,R,2014,2013-2014,243424.71,White
J.M. Lozano,J.M. Lozano,R,2010,2009-2010,288706.7,Hispanic
J.M. Lozano,J.M. Lozano,R,2011,2011-2012,12766.78,Hispanic
J.M. Lozano,J.M. Lozano,R,2012,2011-2012,903740.28,Hispanic
J.M. Lozano,J.M. Lozano,R,2013,2013-2014,28760,Hispanic
J.M. Lozano,J.M. Lozano,R,2014,2013-2014,461890.75,Hispanic
James Frank,James Frank,R,2012,2011-2012,77068.51,White
James Frank,James Frank,R,2013,2013-2014,66865.48,White
James Frank,James Frank,R,2014,2013-2014,87575,White
James White,James White,R,2010,2009-2010,281946.16,Black
James White,James White,R,2011,2011-2012,105644.98,Black
James White,James White,R,2012,2011-2012,560514.61,Black
James White,James White,R,2013,2013-2014,27200.75,Black
James White,James White,R,2014,2013-2014,78017.44,Black
Jane Nelson,Jane Nelson,R,2009,2009-2010,273728.38,White
Jane Nelson,Jane Nelson,R,2010,2009-2010,420687.49,White
Jane Nelson,Jane Nelson,R,2011,2011-2012,256735,White
Jane Nelson,Jane Nelson,R,2012,2011-2012,576273.81,White
Jane Nelson,Jane Nelson,R,2013,2013-2014,297700.5,White
Jane Nelson,Jane Nelson,R,2014,2013-2014,669191.25,White
Jason Isaac,Jason Isaac,R,2012,2011-2012,5000,White
Jason Isaac,Jason Isaac,R,2013,2013-2014,7381.11,White
Jason Villalba,Jason Villalba,R,2014,2013-2014,5321.35,Hispanic
Jeff Leach,Jeff Leach,R,2012,2011-2012,268648.25,White
Jeff Leach,Jeff Leach,R,2013,2013-2014,112880.17,White
Jeff Leach,Jeff Leach,R,2014,2013-2014,120704.75,White
Jeff Wentworth,Jeff Wentworth,R,2009,2009-2010,44875,White
Jeff Wentworth,Jeff Wentworth,R,2010,2009-2010,329154.27,White
Jeff Wentworth,Jeff Wentworth,R,2011,2011-2012,312110.34,White
Jerry Madden,Jerry Madden,R,2009,2009-2010,88047.07,White
Jerry Madden,Jerry Madden,R,2010,2009-2010,89921.14,White
Jerry Madden,Jerry Madden,R,2011,2011-2012,37923,White
Jessica Farrar,Jessica Farrar,D,2009,2009-2010,24950,Hispanic
Jessica Farrar,Jessica Farrar,D,2010,2009-2010,149251.29,Hispanic
Jessica Farrar,Jessica Farrar,D,2011,2011-2012,47143.32,Hispanic
Jessica Farrar,Jessica Farrar,D,2012,2011-2012,116897.49,Hispanic
Jessica Farrar,Jessica Farrar,D,2013,2013-2014,38969.56,Hispanic
Jessica Farrar,Jessica Farrar,D,2014,2013-2014,130747.68,Hispanic
Jim Dunnam,Jim Dunnam,D,2009,2009-2010,33156.73,White
Jim Jackson,Jim Jackson,R,2009,2009-2010,28641.57,White
Jim Jackson,Jim Jackson,R,2010,2009-2010,68216,White
Jim Keffer,Jim Keffer,R,2009,2009-2010,86214.19,White
Jim Keffer,Jim Keffer,R,2010,2009-2010,225439.68,White
Jim Keffer,Jim Keffer,R,2011,2011-2012,84180,White
Jim Keffer,Jim Keffer,R,2012,2011-2012,297983.79,White
Jim Keffer,Jim Keffer,R,2013,2013-2014,128402.23,White
Jim Keffer,Jim Keffer,R,2014,2013-2014,852944.81,White
Jim Landtroop,Jim Landtroop,R,2010,2009-2010,832177.45,White
Jim Landtroop,Jim Landtroop,R,2011,2011-2012,49081.63,White
Jim McReynolds,Jim McReynolds,R,2009,2009-2010,22175,White
Jim Pitts,Jim Pitts,R,2009,2009-2010,275255.64,White
Jim Pitts,Jim Pitts,R,2010,2009-2010,483231.16,White
Jim Pitts,Jim Pitts,R,2011,2011-2012,212425,White
Jim Pitts,Jim Pitts,R,2012,2011-2012,584686.57,White
Jimmie Don Aycock,Jimmie Don Aycock,R,2009,2009-2010,17103.09,White
Jimmie Don Aycock,Jimmie Don Aycock,R,2010,2009-2010,67488.3,White
Jimmie Don Aycock,Jimmie Don Aycock,R,2011,2011-2012,11004.02,White
Jimmie Don Aycock,Jimmie Don Aycock,R,2012,2011-2012,379168.46,White
Jimmie Don Aycock,Jimmie Don Aycock,R,2013,2013-2014,78779.32,White
Jimmie Don Aycock,Jimmie Don Aycock,R,2014,2013-2014,132415.67,White
Joan Huffman,Joan Huffman,R,2011,2011-2012,501037.95,White
Joan Huffman,Joan Huffman,R,2012,2011-2012,270000,White
Joaquin Castro,Joaquin Castro,D,2009,2009-2010,64424.99,Hispanic
Joaquin Castro,Joaquin Castro,D,2010,2009-2010,55200,Hispanic
Joaquin Castro,Joaquin Castro,D,2011,2011-2012,1500,Hispanic
Jodie Laubenberg,Jodie Laubenberg,R,2009,2009-2010,30180,White
Jodie Laubenberg,Jodie Laubenberg,R,2010,2009-2010,131430,White
Jodie Laubenberg,Jodie Laubenberg,R,2011,2011-2012,41285,White
Jodie Laubenberg,Jodie Laubenberg,R,2012,2011-2012,93678.79,White
Jodie Laubenberg,Jodie Laubenberg,R,2013,2013-2014,52522.6,White
Jodie Laubenberg,Jodie Laubenberg,R,2014,2013-2014,154870.85,White
Joe C. Pickett,Joe C. Pickett,D,2009,2009-2010,56001.32,White
Joe C. Pickett,Joe C. Pickett,D,2010,2009-2010,146629.5,White
Joe C. Pickett,Joe C. Pickett,D,2011,2011-2012,8750,White
Joe C. Pickett,Joe C. Pickett,D,2012,2011-2012,65897.92,White
Joe C. Pickett,Joe C. Pickett,D,2013,2013-2014,49112,White
Joe C. Pickett,Joe C. Pickett,D,2014,2013-2014,178006.48,White
Joe D. Deshotel,Joe D. Deshotel,D,2009,2009-2010,31859,Black
Joe D. Deshotel,Joe D. Deshotel,D,2010,2009-2010,94968.74,Black
Joe D. Deshotel,Joe D. Deshotel,D,2011,2011-2012,31362,Black
Joe D. Deshotel,Joe D. Deshotel,D,2012,2011-2012,123383.53,Black
Joe D. Deshotel,Joe D. Deshotel,D,2013,2013-2014,33360,Black
Joe D. Deshotel,Joe D. Deshotel,D,2014,2013-2014,119925,Black
Joe Driver,Joe Driver,R,2009,2009-2010,6250,White
Joe Driver,Joe Driver,R,2010,2009-2010,667493.82,White
Joe Farias,Joe Farias,D,2009,2009-2010,34683.14,Hispanic
Joe Farias,Joe Farias,D,2010,2009-2010,68886.5,Hispanic
Joe Farias,Joe Farias,D,2011,2011-2012,32412.64,Hispanic
Joe Farias,Joe Farias,D,2012,2011-2012,139985.75,Hispanic
Joe Farias,Joe Farias,D,2013,2013-2014,16050,Hispanic
Joe Farias,Joe Farias,D,2014,2013-2014,60299.68,Hispanic
Joe Heflin,Joe Heflin,R,2009,2009-2010,23521.27,White
Joe Straus,Joe Straus,R,2012,2011-2012,501849.17,White
Joe Straus,Joe Straus,R,2013,2013-2014,540000,White
Joe Straus,Joe Straus,R,2014,2013-2014,378312,White
John Carona,John Carona,R,2009,2009-2010,208325.72,White
John Carona,John Carona,R,2010,2009-2010,857108.44,White
John Carona,John Carona,R,2011,2011-2012,296928.9,White
John Carona,John Carona,R,2012,2011-2012,1044707.12,White
John Carona,John Carona,R,2013,2013-2014,939441.77,White
John Cyrier,John Cyrier,R,2014,2013-2014,108170.18,White
John Kuempel,John Kuempel,R,2010,2009-2010,511741.5,White
John Kuempel,John Kuempel,R,2011,2011-2012,23991.64,White
John Kuempel,John Kuempel,R,2012,2011-2012,121025.19,White
John Kuempel,John Kuempel,R,2013,2013-2014,60835.51,White
John Kuempel,John Kuempel,R,2014,2013-2014,265825.65,White
John M. Frullo,John M. Frullo,R,2010,2009-2010,270655.42,White
John M. Frullo,John M. Frullo,R,2011,2011-2012,17074.78,White
John M. Frullo,John M. Frullo,R,2012,2011-2012,125592.87,White
John M. Frullo,John M. Frullo,R,2013,2013-2014,44481.8,White
John M. Frullo,John M. Frullo,R,2014,2013-2014,144915.08,White
John Otto,John Otto,R,2009,2009-2010,55464.68,White
John Otto,John Otto,R,2010,2009-2010,187308.8,White
John Otto,John Otto,R,2011,2011-2012,65883.37,White
John Otto,John Otto,R,2012,2011-2012,313495.65,White
John Otto,John Otto,R,2013,2013-2014,119972.38,White
John Otto,John Otto,R,2014,2013-2014,460459.08,White
John Raney,John Raney,R,2011,2011-2012,89399.41,White
John Raney,John Raney,R,2012,2011-2012,163118.99,White
John Raney,John Raney,R,2013,2013-2014,35806.57,White
John Raney,John Raney,R,2014,2013-2014,184259.47,White
John Smithee,John Smithee,R,2009,2009-2010,7375,White
John Smithee,John Smithee,R,2010,2009-2010,69600,White
John Smithee,John Smithee,R,2011,2011-2012,13500,White
John Smithee,John Smithee,R,2012,2011-2012,95500,White
John Smithee,John Smithee,R,2013,2013-2014,10750,White
John Smithee,John Smithee,R,2014,2013-2014,89050,White
John V. Garza,John V. Garza,R,2010,2009-2010,171956.99,Hispanic
John V. Garza,John V. Garza,R,2011,2011-2012,59661.33,Hispanic
John Whitmire,John Whitmire,D,2009,2009-2010,296439.21,White
John Whitmire,John Whitmire,D,2010,2009-2010,570615,White
John Whitmire,John Whitmire,D,2011,2011-2012,318725,White
John Whitmire,John Whitmire,D,2012,2011-2012,860533.92,White
John Whitmire,John Whitmire,D,2013,2013-2014,298874.8,White
John Whitmire,John Whitmire,D,2014,2013-2014,1062295.65,White
John Wray,John Wray,R,2014,2013-2014,252016.81,White
Jonathan Stickland,Jonathan Stickland,R,2012,2011-2012,147960.14,White
Jonathan Stickland,Jonathan Stickland,R,2013,2013-2014,196841.83,White
Jonathan Stickland,Jonathan Stickland,R,2014,2013-2014,332846.98,White
Jose Aliseda,Jose Aliseda,R,2010,2009-2010,382898.68,Hispanic
Jose Aliseda,Jose Aliseda,R,2011,2011-2012,21302.99,Hispanic
Jose Menendez,Jose Menendez,D,2009,2009-2010,96419.52,Hispanic
Jose Menendez,Jose Menendez,D,2010,2009-2010,150537.89,Hispanic
Jose Menendez,Jose Menendez,D,2011,2011-2012,93379.15,Hispanic
Jose Menendez,Jose Menendez,D,2012,2011-2012,157295.27,Hispanic
Jose Menendez,Jose Menendez,D,2013,2013-2014,51305.32,Hispanic
Jose Menendez,Jose Menendez,D,2014,2013-2014,292809.83,Hispanic
Jose Rodriguez,Jose Rodriguez,D,2010,2009-2010,358513.78,Hispanic
Jose Rodriguez,Jose Rodriguez,D,2011,2011-2012,116338.75,Hispanic
Jose Rodriguez,Jose Rodriguez,D,2012,2011-2012,357282.37,Hispanic
Jose Rodriguez,Jose Rodriguez,D,2013,2013-2014,43100,Hispanic
Jose Rodriguez,Jose Rodriguez,D,2014,2013-2014,195445.07,Hispanic
Joseph E. Moody,Joseph E. Moody,D,2009,2009-2010,48177.16,Hispanic
Joseph E. Moody,Joseph E. Moody,D,2012,2011-2012,469092.85,Hispanic
Joseph E. Moody,Joseph E. Moody,D,2013,2013-2014,33636.88,Hispanic
Joseph E. Moody,Joseph E. Moody,D,2014,2013-2014,61246,Hispanic
Juan Chuy Hinojosa,Juan Chuy Hinojosa,D,2009,2009-2010,296082.93,Hispanic
Juan Chuy Hinojosa,Juan Chuy Hinojosa,D,2010,2009-2010,663410.53,Hispanic
Juan Chuy Hinojosa,Juan Chuy Hinojosa,D,2011,2011-2012,373164.96,Hispanic
Juan Chuy Hinojosa,Juan Chuy Hinojosa,D,2012,2011-2012,976843.38,Hispanic
Juan Chuy Hinojosa,Juan Chuy Hinojosa,D,2013,2013-2014,231263.86,Hispanic
Juan Chuy Hinojosa,Juan Chuy Hinojosa,D,2014,2013-2014,671949.85,Hispanic
Judith Zaffirini,Judith Zaffirini,D,2009,2009-2010,192641.78,Hispanic
Judith Zaffirini,Judith Zaffirini,D,2010,2009-2010,570599.02,Hispanic
Judith Zaffirini,Judith Zaffirini,D,2011,2011-2012,632439.5,Hispanic
Judith Zaffirini,Judith Zaffirini,D,2012,2011-2012,859205.64,Hispanic
Judith Zaffirini,Judith Zaffirini,D,2013,2013-2014,200745,Hispanic
Judith Zaffirini,Judith Zaffirini,D,2014,2013-2014,443745,Hispanic
Justin Rodriguez,Justin Rodriguez,D,2012,2011-2012,197679.29,Hispanic
Justin Rodriguez,Justin Rodriguez,D,2013,2013-2014,68575.6,Hispanic
Justin Rodriguez,Justin Rodriguez,D,2014,2013-2014,148325.61,Hispanic
Kel Seliger,Kel Seliger,R,2009,2009-2010,65508,White
Kel Seliger,Kel Seliger,R,2010,2009-2010,340979.4,White
Kel Seliger,Kel Seliger,R,2011,2011-2012,278432.05,White
Kel Seliger,Kel Seliger,R,2012,2011-2012,714681.64,White
Kel Seliger,Kel Seliger,R,2013,2013-2014,266601.21,White
Kel Seliger,Kel Seliger,R,2014,2013-2014,934248.74,White
Kelly Hancock,Kelly Hancock,R,2009,2009-2010,79194.2,White
Kelly Hancock,Kelly Hancock,R,2010,2009-2010,211339.47,White
Kelly Hancock,Kelly Hancock,R,2011,2011-2012,102404.33,White
Kelly Hancock,Kelly Hancock,R,2012,2011-2012,1000,White
Ken King,Ken King,R,2014,2013-2014,145757.82,White
Ken King F,Ken King,R,2013,2013-2014,39925.83,White
Ken Legler,Ken Legler,R,2009,2009-2010,3350,White
Ken Paxton,Ken Paxton,R,2009,2009-2010,122346.02,White
Ken Paxton,Ken Paxton,R,2010,2009-2010,121486.5,White
Ken Paxton,Ken Paxton,R,2011,2011-2012,190508.4,White
Ken Paxton,Ken Paxton,R,2012,2011-2012,592957.04,White
Kenneth Sheets,Kenneth Sheets,R,2010,2009-2010,545741.01,White
Kenneth Sheets,Kenneth Sheets,R,2011,2011-2012,85640.71,White
Kenneth Sheets,Kenneth Sheets,R,2012,2011-2012,571416.96,White
Kenneth Sheets,Kenneth Sheets,R,2013,2013-2014,97660.48,White
Kenneth Sheets,Kenneth Sheets,R,2014,2013-2014,708579.77,White
Kevin Eltife,Kevin Eltife,R,2009,2009-2010,143300,White
Kevin Eltife,Kevin Eltife,R,2010,2009-2010,293328.04,White
Kevin Eltife,Kevin Eltife,R,2011,2011-2012,219450,White
Kevin Eltife,Kevin Eltife,R,2012,2011-2012,536540,White
Kevin Eltife,Kevin Eltife,R,2013,2013-2014,88000,White
Kevin Eltife,Kevin Eltife,R,2014,2013-2014,456140,White
Kip Averitt,Kip Averitt,R,2009,2009-2010,219901,White
Kirk England,Kirk England,R,2009,2009-2010,13048.08,White
Kirk Watson,Kirk Watson,D,2009,2009-2010,419312.37,White
Kirk Watson,Kirk Watson,D,2010,2009-2010,876546.38,White
Kirk Watson,Kirk Watson,D,2011,2011-2012,354780.63,White
Kirk Watson,Kirk Watson,D,2012,2011-2012,653139.94,White
Kirk Watson,Kirk Watson,D,2013,2013-2014,311567,White
Kirk Watson,Kirk Watson,D,2014,2013-2014,519139.75,White
Konni Burton,Konni Burton,R,2014,2013-2014,2742737.5,White
Kristi Thibaut,Kristi Thibaut,D,2009,2009-2010,98918.03,White
Kyle Kacal,Kyle Kacal,R,2012,2011-2012,285333.97,White
Kyle Kacal,Kyle Kacal,R,2013,2013-2014,92043.61,White
Kyle Kacal,Kyle Kacal,R,2014,2013-2014,242748.06,White
Lance Gooden,Lance Gooden,R,2010,2009-2010,239194.77,White
Lance Gooden,Lance Gooden,R,2011,2011-2012,140511.61,White
Lance Gooden,Lance Gooden,R,2012,2011-2012,356326.3,White
Lance Gooden,Lance Gooden,R,2013,2013-2014,109772.52,White
Lanham Lyne,Lanham Lyne,R,2010,2009-2010,150964.82,White
Lanham Lyne,Lanham Lyne,R,2011,2011-2012,500,White
Larry Gonzales,Larry Gonzales,R,2010,2009-2010,1161728.99,Hispanic
Larry Gonzales,Larry Gonzales,R,2011,2011-2012,52839.4,Hispanic
Larry Gonzales,Larry Gonzales,R,2012,2011-2012,77863.09,Hispanic
Larry Gonzales,Larry Gonzales,R,2013,2013-2014,58012.42,Hispanic
Larry Gonzales,Larry Gonzales,R,2014,2013-2014,179244,Hispanic
Larry Phillips,Larry Phillips,R,2009,2009-2010,16058.54,White
Larry Phillips,Larry Phillips,R,2010,2009-2010,85715.44,White
Larry Phillips,Larry Phillips,R,2011,2011-2012,34775,White
Larry Phillips,Larry Phillips,R,2012,2011-2012,165295.77,White
Larry Phillips,Larry Phillips,R,2013,2013-2014,74621.73,White
Larry Phillips,Larry Phillips,R,2014,2013-2014,169311.46,White
Leo Berman,Leo Berman,R,2009,2009-2010,32080.89,White
Leo Berman,Leo Berman,R,2010,2009-2010,26994.28,White
Leo Berman,Leo Berman,R,2011,2011-2012,13449.28,White
Leticia Van de Putte,Leticia Van de Putte,D,2009,2009-2010,128907.19,Hispanic
Leticia Van de Putte,Leticia Van de Putte,D,2010,2009-2010,437169.01,Hispanic
Leticia Van de Putte,Leticia Van de Putte,D,2011,2011-2012,169143.96,Hispanic
Leticia Van de Putte,Leticia Van de Putte,D,2012,2011-2012,537924.18,Hispanic
Leticia Van de Putte,Leticia Van de Putte,D,2013,2013-2014,169895.11,Hispanic
Leticia Van de Putte,Leticia Van de Putte,D,2014,2013-2014,261837.4,Hispanic
Linda Harper-Brown,Linda Harper-Brown,R,2009,2009-2010,101113,White
Linda Harper-Brown,Linda Harper-Brown,R,2010,2009-2010,770053.19,White
Linda Harper-Brown,Linda Harper-Brown,R,2011,2011-2012,46421.45,White
Linda Harper-Brown,Linda Harper-Brown,R,2012,2011-2012,405233.49,White
Linda Harper-Brown,Linda Harper-Brown,R,2013,2013-2014,144380.46,White
Linda Koop,Linda Koop,R,2014,2013-2014,451003.2,White
Lois W. Kolkhorst,Lois W. Kolkhorst,R,2009,2009-2010,196616.5,White
Lois W. Kolkhorst,Lois W. Kolkhorst,R,2010,2009-2010,214331,White
Lois W. Kolkhorst,Lois W. Kolkhorst,R,2011,2011-2012,42623.87,White
Lois W. Kolkhorst,Lois W. Kolkhorst,R,2012,2011-2012,238503.59,White
Lois W. Kolkhorst,Lois W. Kolkhorst,R,2013,2013-2014,55395,White
Lois W. Kolkhorst,Lois W. Kolkhorst,R,2014,2013-2014,1237530.9,White
Lon Burnam,Lon Burnam,D,2009,2009-2010,60234.7,White
Lon Burnam,Lon Burnam,D,2010,2009-2010,111809.39,White
Lon Burnam,Lon Burnam,D,2011,2011-2012,93521,White
Lon Burnam,Lon Burnam,D,2012,2011-2012,255080.52,White
Lon Burnam,Lon Burnam,D,2013,2013-2014,132622.8,White
Lyle Larson,Lyle Larson,R,2010,2009-2010,270411.18,White
Lyle Larson,Lyle Larson,R,2011,2011-2012,80376.91,White
Lyle Larson,Lyle Larson,R,2012,2011-2012,153140,White
Lyle Larson,Lyle Larson,R,2013,2013-2014,115530,White
Lyle Larson,Lyle Larson,R,2014,2013-2014,261334.61,White
Marc Veasey,Marc Veasey,D,2009,2009-2010,56375,Black
Marc Veasey,Marc Veasey,D,2010,2009-2010,143348.11,Black
Marc Veasey,Marc Veasey,D,2011,2011-2012,36638.28,Black
Mario Gallegos,Mario Gallegos,D,2009,2009-2010,88700.78,Hispanic
Mario Gallegos,Mario Gallegos,D,2010,2009-2010,306836.24,Hispanic
Mario Gallegos,Mario Gallegos,D,2011,2011-2012,131228.42,Hispanic
Mario Gallegos,Mario Gallegos,D,2012,2011-2012,171026.91,Hispanic
Marisa Marquez,Marisa Marquez,D,2009,2009-2010,45028.26,Hispanic
Marisa Marquez,Marisa Marquez,D,2010,2009-2010,78695,Hispanic
Marisa Marquez,Marisa Marquez,D,2011,2011-2012,52978,Hispanic
Marisa Marquez,Marisa Marquez,D,2012,2011-2012,233900.87,Hispanic
Marisa Marquez,Marisa Marquez,D,2013,2013-2014,67220,Hispanic
Marisa Marquez,Marisa Marquez,D,2014,2013-2014,352051.19,Hispanic
Mark Homer,Mark Homer,R,2009,2009-2010,74942.14,White
Mark Keough,Mark Keough,R,2014,2013-2014,67190.23,White
Mark Shelton,Mark Shelton,R,2009,2009-2010,52630,White
Mark Shelton,Mark Shelton,R,2010,2009-2010,107408.79,White
Mark Shelton,Mark Shelton,R,2011,2011-2012,274517.96,White
Mark Strama,Mark Strama,D,2009,2009-2010,47630.52,White
Mark Strama,Mark Strama,D,2010,2009-2010,322539.16,White
Mark Strama,Mark Strama,D,2011,2011-2012,13623.69,White
Mark Strama,Mark Strama,D,2012,2011-2012,75426.97,White
Mark Strama,Mark Strama,D,2013,2013-2014,22719.62,White
Marsha Farney,Marsha Farney,R,2012,2011-2012,84630.55,White
Marsha Farney,Marsha Farney,R,2013,2013-2014,33572.32,White
Marsha Farney,Marsha Farney,R,2014,2013-2014,89144.95,White
Marva Beck,Marva Beck,R,2010,2009-2010,932400.18,White
Marva Beck,Marva Beck,R,2011,2011-2012,17050,White
Mary Ann Perez,Mary Ann Perez,D,2012,2011-2012,391391.6,Hispanic
Mary Ann Perez,Mary Ann Perez,D,2013,2013-2014,20423.9,Hispanic
Mary E. Gonzalez,Mary E. Gonzalez,D,2012,2011-2012,168215.67,Hispanic
Mary E. Gonzalez,Mary E. Gonzalez,D,2013,2013-2014,67435.33,Hispanic
Mary E. Gonzalez,Mary E. Gonzalez,D,2014,2013-2014,172073.11,Hispanic
Matt Krause,Matt Krause,R,2012,2011-2012,134388.33,White
Matt Krause,Matt Krause,R,2013,2013-2014,50553,White
Matt Krause,Matt Krause,R,2014,2013-2014,127417.69,White
Matt Rinaldi,Matt Rinaldi,R,2014,2013-2014,184350.75,White
Matt Schaefer,Matt Schaefer,R,2012,2011-2012,114083.92,White
Matt Schaefer,Matt Schaefer,R,2013,2013-2014,186168.17,White
Matt Schaefer,Matt Schaefer,R,2014,2013-2014,243020.4,White
Matt Shaheen,Matt Shaheen,R,2014,2013-2014,217379.48,White
Mike Jackson,Mike Jackson,R,2009,2009-2010,58957.56,White
Mike Jackson,Mike Jackson,R,2010,2009-2010,282836.56,White
Mike Jackson,Mike Jackson,R,2011,2011-2012,370.22,White
Mike Schofield,Mike Schofield,R,2014,2013-2014,220758.93,White
Mike Tuffy Hamilton,Mike Tuffy Hamilton,R,2009,2009-2010,53625.09,White
Mike Tuffy Hamilton,Mike Tuffy Hamilton,R,2010,2009-2010,95039.08,White
Mike Tuffy Hamilton,Mike Tuffy Hamilton,R,2011,2011-2012,101400,White
Mike Villarreal,Mike Villarreal,D,2009,2009-2010,103276.5,Hispanic
Mike Villarreal,Mike Villarreal,D,2010,2009-2010,224080.58,Hispanic
Mike Villarreal,Mike Villarreal,D,2011,2011-2012,82938.7,Hispanic
Mike Villarreal,Mike Villarreal,D,2012,2011-2012,197411.66,Hispanic
Mike Villarreal,Mike Villarreal,D,2013,2013-2014,170384.22,Hispanic
Mike Villarreal,Mike Villarreal,D,2014,2013-2014,201500.31,Hispanic
Molly S. White,Molly S. White,R,2014,2013-2014,84810.52,White
Morgan Meyer,Morgan Meyer,R,2014,2013-2014,999744.76,White
Myra Crownover ,Myra Crownover ,R,2009,2009-2010,24554.83,White
Myra Crownover ,Myra Crownover ,R,2010,2009-2010,137988.43,White
Myra Crownover ,Myra Crownover ,R,2011,2011-2012,48705,White
Myra Crownover ,Myra Crownover ,R,2012,2011-2012,213542.18,White
Myra Crownover ,Myra Crownover ,R,2013,2013-2014,94382.83,White
Myra Crownover ,Myra Crownover ,R,2014,2013-2014,226897.95,White
Naomi Gonzalez,Naomi Gonzalez,D,2010,2009-2010,450978.49,Hispanic
Naomi Gonzalez,Naomi Gonzalez,D,2011,2011-2012,34878.58,Hispanic
Naomi Gonzalez,Naomi Gonzalez,D,2012,2011-2012,70050,Hispanic
Naomi Gonzalez,Naomi Gonzalez,D,2013,2013-2014,67866.74,Hispanic
Nicole Collier,Nicole Collier,D,2012,2011-2012,178723.15,Black
Nicole Collier,Nicole Collier,D,2013,2013-2014,33389.39,Black
Nicole Collier,Nicole Collier,D,2014,2013-2014,81134.75,Black
Norma Chavez,Norma Chavez,D,2009,2009-2010,47861.52,Hispanic
Oscar Longoria,Oscar Longoria,D,2012,2011-2012,90884.83,Hispanic
Oscar Longoria,Oscar Longoria,D,2013,2013-2014,19826.83,Hispanic
Oscar Longoria,Oscar Longoria,D,2014,2013-2014,90525,Hispanic
Pat Fallon,Pat Fallon,R,2012,2011-2012,103500.56,White
Pat Fallon,Pat Fallon,R,2013,2013-2014,27686,White
Pat Fallon,Pat Fallon,R,2014,2013-2014,217311.48,White
Patricia Harless,Patricia Harless,R,2009,2009-2010,79309.54,White
Patricia Harless,Patricia Harless,R,2010,2009-2010,130509.4,White
Patricia Harless,Patricia Harless,R,2011,2011-2012,49475,White
Patricia Harless,Patricia Harless,R,2012,2011-2012,160941.55,White
Patricia Harless,Patricia Harless,R,2013,2013-2014,39912.91,White
Patricia Harless,Patricia Harless,R,2014,2013-2014,169666.29,White
Paul Workman,Paul Workman,R,2011,2011-2012,100136.99,White
Paul Workman,Paul Workman,R,2012,2011-2012,1010.01,White
Paula Pierson,Paula Pierson,D,2009,2009-2010,105581.21,White
Pete Gallego,Pete Gallego,D,2009,2009-2010,201633.3,Hispanic
Pete Gallego,Pete Gallego,D,2010,2009-2010,433211.73,Hispanic
Pete Gallego,Pete Gallego,D,2011,2011-2012,25546.4,Hispanic
Phil King,Phil King,R,2009,2009-2010,78775,White
Phil King,Phil King,R,2010,2009-2010,157617.71,White
Phil King,Phil King,R,2011,2011-2012,129598.1,White
Phil King,Phil King,R,2012,2011-2012,199111.53,White
Phil King,Phil King,R,2013,2013-2014,89556.19,White
Phil King,Phil King,R,2014,2013-2014,246045.58,White
Phil Stephenson,Phil Stephenson,R,2012,2011-2012,154818.79,White
Phil Stephenson,Phil Stephenson,R,2013,2013-2014,24849,White
Phil Stephenson,Phil Stephenson,R,2014,2013-2014,126744.76,White
Philip Cortez,Philip Cortez,D,2012,2011-2012,349812,Hispanic
Philip Cortez,Philip Cortez,D,2013,2013-2014,40671.14,Hispanic
Poncho Nevarez,Poncho Nevarez,D,2012,2011-2012,137305.39,Hispanic
Poncho Nevarez,Poncho Nevarez,D,2013,2013-2014,49863.65,Hispanic
Poncho Nevarez,Poncho Nevarez,D,2014,2013-2014,64488.76,Hispanic
R.D. Bobby Guerra,R.D. Bobby Guerra,D,2011,2011-2012,75064.51,Hispanic
R.D. Bobby Guerra,R.D. Bobby Guerra,D,2012,2011-2012,247142.86,Hispanic
R.D. Bobby Guerra,R.D. Bobby Guerra,D,2013,2013-2014,77484.3,Hispanic
R.D. Bobby Guerra,R.D. Bobby Guerra,D,2014,2013-2014,179201.41,Hispanic
Rafael Anchia,Rafael Anchia,D,2009,2009-2010,140381.51,Hispanic
Rafael Anchia,Rafael Anchia,D,2010,2009-2010,152986.24,Hispanic
Rafael Anchia,Rafael Anchia,D,2011,2011-2012,143175,Hispanic
Rafael Anchia,Rafael Anchia,D,2012,2011-2012,189362.3,Hispanic
Rafael Anchia,Rafael Anchia,D,2013,2013-2014,166428,Hispanic
Rafael Anchia,Rafael Anchia,D,2014,2013-2014,163148.81,Hispanic
Ralph Sheffield,Ralph Sheffield,R,2009,2009-2010,46445.02,White
Ralph Sheffield,Ralph Sheffield,R,2010,2009-2010,92597.19,White
Ralph Sheffield,Ralph Sheffield,R,2011,2011-2012,69929.42,White
Ralph Sheffield,Ralph Sheffield,R,2012,2011-2012,192479.13,White
Ralph Sheffield,Ralph Sheffield,R,2013,2013-2014,93651.16,White
Ramon Romero Jr.,Ramon Romero Jr.,D,2014,2013-2014,325088.64,Hispanic
Randy Weber,Randy Weber,R,2009,2009-2010,4000,White
Raul Torres,Raul Torres,R,2010,2009-2010,357901.03,Hispanic
Raul Torres,Raul Torres,R,2011,2011-2012,63651.84,Hispanic
Rene O. Oliveira,Rene O. Oliveira,D,2009,2009-2010,93764.64,Hispanic
Rene O. Oliveira,Rene O. Oliveira,D,2010,2009-2010,242827.7,Hispanic
Rene O. Oliveira,Rene O. Oliveira,D,2011,2011-2012,53050,Hispanic
Rene O. Oliveira,Rene O. Oliveira,D,2012,2011-2012,198261.66,Hispanic
Rene O. Oliveira,Rene O. Oliveira,D,2013,2013-2014,71014.43,Hispanic
Rene O. Oliveira,Rene O. Oliveira,D,2014,2013-2014,218600,Hispanic
Representative Richard Pena Raymond Future of Texas Fund,Richard Pena Raymond,D,2011,2011-2012,237980.96,Hispanic
Representative Richard Pena Raymond Future of Texas Fund,Richard Pena Raymond,D,2014,2013-2014,74906.49,Hispanic
Richard Pena Raymond,Richard Pena Raymond,D,2009,2009-2010,251183.15,Hispanic
Richard Pena Raymond,Richard Pena Raymond,D,2010,2009-2010,234296.38,Hispanic
Richard Pena Raymond,Richard Pena Raymond,D,2011,2011-2012,37179.72,Hispanic
Richard Pena Raymond,Richard Pena Raymond,D,2014,2013-2014,335350.13,Hispanic
Richard Rick Hardcastle,Richard Rick Hardcastle,R,2009,2009-2010,29084.36,White
Richard Rick Hardcastle,Richard Rick Hardcastle,R,2010,2009-2010,14564.71,White
Richard Rick Hardcastle,Richard Rick Hardcastle,R,2011,2011-2012,791.13,White
Rick Galindo,Rick Galindo,D,2014,2013-2014,341197.22,Hispanic
Rick Miller,Rick Miller,R,2012,2011-2012,166488.42,White
Rick Miller,Rick Miller,R,2013,2013-2014,19783.37,White
Rick Miller,Rick Miller,R,2014,2013-2014,88471.6,White
Rob Eissler,Rob Eissler,R,2009,2009-2010,103449,White
Rob Eissler,Rob Eissler,R,2010,2009-2010,281217.68,White
Rob Eissler,Rob Eissler,R,2011,2011-2012,81800.18,White
Rob Orr,Rob Orr,R,2009,2009-2010,69125,White
Rob Orr,Rob Orr,R,2010,2009-2010,173822.93,White
Rob Orr,Rob Orr,R,2011,2011-2012,39264.1,White
Rob Orr,Rob Orr,R,2012,2011-2012,99036.35,White
Rob Orr,Rob Orr,R,2013,2013-2014,2500,White
Robert Duncan,Robert Duncan,R,2009,2009-2010,87354.16,White
Robert Duncan,Robert Duncan,R,2010,2009-2010,277279.18,White
Robert Duncan,Robert Duncan,R,2011,2011-2012,100745.36,White
Robert Duncan,Robert Duncan,R,2012,2011-2012,688310.39,White
Robert Duncan,Robert Duncan,R,2013,2013-2014,7550,White
Robert Miklos,Robert Miklos,D,2009,2009-2010,77320.58,White
Robert Nichols,Robert Nichols,R,2009,2009-2010,331550.2,White
Robert Nichols,Robert Nichols,R,2010,2009-2010,383530.61,White
Robert Nichols,Robert Nichols,R,2011,2011-2012,333164.43,White
Robert Nichols,Robert Nichols,R,2012,2011-2012,722128.68,White
Robert Nichols,Robert Nichols,R,2013,2013-2014,374855.7,White
Robert Nichols,Robert Nichols,R,2014,2013-2014,545925.6,White
Roberto Alonzo,Roberto Alonzo,D,2009,2009-2010,23784,Hispanic
Roberto Alonzo,Roberto Alonzo,D,2010,2009-2010,68976.35,Hispanic
Roberto Alonzo,Roberto Alonzo,D,2011,2011-2012,28450,Hispanic
Roberto Alonzo,Roberto Alonzo,D,2012,2011-2012,45200,Hispanic
Roberto Alonzo,Roberto Alonzo,D,2013,2013-2014,40250,Hispanic
Roberto Alonzo,Roberto Alonzo,D,2014,2013-2014,82370.05,Hispanic
Rodney Anderson,Rodney Anderson,R,2010,2009-2010,210902.13,White
Rodney Anderson,Rodney Anderson,R,2011,2011-2012,112507.93,White
Rodney Ellis,Rodney Ellis,D,2009,2009-2010,155250,Black
Rodney Ellis,Rodney Ellis,D,2010,2009-2010,331959.62,Black
Rodney Ellis,Rodney Ellis,D,2011,2011-2012,141625,Black
Rodney Ellis,Rodney Ellis,D,2012,2011-2012,366724.68,Black
Rodney Ellis,Rodney Ellis,D,2013,2013-2014,111001,Black
Rodney Ellis,Rodney Ellis,D,2014,2013-2014,248508.38,Black
Roland Gutierrez,Roland Gutierrez,D,2009,2009-2010,36659.29,Hispanic
Roland Gutierrez,Roland Gutierrez,D,2010,2009-2010,125451.57,Hispanic
Roland Gutierrez,Roland Gutierrez,D,2011,2011-2012,49342.4,Hispanic
Roland Gutierrez,Roland Gutierrez,D,2012,2011-2012,139712.19,Hispanic
Roland Gutierrez,Roland Gutierrez,D,2013,2013-2014,18255,Hispanic
Roland Gutierrez,Roland Gutierrez,D,2014,2013-2014,74057.22,Hispanic
Ron Reynolds,Ron Reynolds,D,2010,2009-2010,66249.62,Black
Ron Reynolds,Ron Reynolds,D,2011,2011-2012,11940,Black
Ron Reynolds,Ron Reynolds,D,2012,2011-2012,32186.21,Black
Ron Reynolds,Ron Reynolds,D,2013,2013-2014,6520,Black
Ron Reynolds,Ron Reynolds,D,2014,2013-2014,9570,Black
Ron Simmons,Ron Simmons,R,2012,2011-2012,78488.59,White
Ron Simmons,Ron Simmons,R,2013,2013-2014,22827.67,White
Ron Simmons,Ron Simmons,R,2014,2013-2014,101407.73,White
Royce West,Royce West,D,2009,2009-2010,274633.8,Black
Royce West,Royce West,D,2010,2009-2010,559643.22,Black
Royce West,Royce West,D,2011,2011-2012,239906.48,Black
Royce West,Royce West,D,2012,2011-2012,649680.05,Black
Royce West,Royce West,D,2013,2013-2014,277467.38,Black
Royce West,Royce West,D,2014,2013-2014,505053.15,Black
Ruth Jones McClendon,Ruth Jones McClendon,D,2009,2009-2010,72275,Black
Ruth Jones McClendon,Ruth Jones McClendon,D,2010,2009-2010,88849.3,Black
Ruth Jones McClendon,Ruth Jones McClendon,D,2011,2011-2012,54624.75,Black
Ruth Jones McClendon,Ruth Jones McClendon,D,2012,2011-2012,116708.05,Black
Ruth Jones McClendon,Ruth Jones McClendon,D,2013,2013-2014,41650,Black
Ruth Jones McClendon,Ruth Jones McClendon,D,2014,2013-2014,177900,Black
Ryan Guillen,Ryan Guillen,D,2009,2009-2010,14250,Hispanic
Ryan Guillen,Ryan Guillen,D,2010,2009-2010,88400,Hispanic
Ryan Guillen,Ryan Guillen,D,2011,2011-2012,70004.99,Hispanic
Ryan Guillen,Ryan Guillen,D,2012,2011-2012,291779.16,Hispanic
Ryan Guillen,Ryan Guillen,D,2013,2013-2014,184237.35,Hispanic
Ryan Guillen,Ryan Guillen,D,2014,2013-2014,138250.66,Hispanic
Sarah Davis,Sarah Davis,R,2010,2009-2010,357552.18,White
Sarah Davis,Sarah Davis,R,2011,2011-2012,117163.25,White
Sarah Davis,Sarah Davis,R,2012,2011-2012,824376.43,White
Sarah Davis,Sarah Davis,R,2013,2013-2014,212058.16,White
Sarah Davis,Sarah Davis,R,2014,2013-2014,571181.94,White
Scott Hochberg,Scott Hochberg,D,2009,2009-2010,8280.7,White
Scott Hochberg,Scott Hochberg,D,2010,2009-2010,173889.45,White
Scott Hochberg,Scott Hochberg,D,2011,2011-2012,200,White
Scott Sanford,Scott Sanford,R,2012,2011-2012,116551.93,White
Scott Sanford,Scott Sanford,R,2013,2013-2014,49598.3,White
Scott Sanford,Scott Sanford,R,2014,2013-2014,46325,White
Scott Turner,Scott Turner,R,2012,2011-2012,227965.87,Black
Scott Turner,Scott Turner,R,2013,2013-2014,155011.79,Black
Scott Turner,Scott Turner,R,2014,2013-2014,129219,Black
Senfronia Thompson,Senfronia Thompson,D,2009,2009-2010,143244.94,Black
Senfronia Thompson,Senfronia Thompson,D,2010,2009-2010,290331.07,Black
Senfronia Thompson,Senfronia Thompson,D,2011,2011-2012,91353.3,Black
Senfronia Thompson,Senfronia Thompson,D,2012,2011-2012,321517.43,Black
Senfronia Thompson,Senfronia Thompson,D,2014,2013-2014,406470.66,Black
Sergio Munoz Jr.,Sergio Munoz Jr.,D,2010,2009-2010,194633.44,Hispanic
Sergio Munoz Jr.,Sergio Munoz Jr.,D,2011,2011-2012,96193.58,Hispanic
Sergio Munoz Jr.,Sergio Munoz Jr.,D,2012,2011-2012,91990,Hispanic
Sergio Munoz Jr.,Sergio Munoz Jr.,D,2013,2013-2014,122469.93,Hispanic
Sergio Munoz Jr.,Sergio Munoz Jr.,D,2014,2013-2014,202088.06,Hispanic
Sid Miller,Sid Miller,R,2009,2009-2010,12675,White
Sid Miller,Sid Miller,R,2010,2009-2010,105673.34,White
Sid Miller,Sid Miller,R,2011,2011-2012,20700,White
Solomon P. Ortiz Jr.,Solomon P. Ortiz Jr.,D,2009,2009-2010,69754.44,Hispanic
Stefani Carter,Stefani Carter,R,2010,2009-2010,1328721.5,Black
Stefani Carter,Stefani Carter,R,2011,2011-2012,96345,Black
Stefani Carter,Stefani Carter,R,2012,2011-2012,534337.06,Black
Stefani Carter,Stefani Carter,R,2013,2013-2014,298777.95,Black
Stephanie Klick,Stephanie Klick,R,2012,2011-2012,130515.49,White
Stephanie Klick,Stephanie Klick,R,2013,2013-2014,17450,White
Stephanie Klick,Stephanie Klick,R,2014,2013-2014,47200.06,White
Stephen Frost,Stephen Frost,D,2009,2009-2010,14900,White
Steve Ogden,Steve Ogden,D,2009,2009-2010,21675,White
Steve Ogden,Steve Ogden,D,2010,2009-2010,587572.41,White
Steve Toth,Steve Toth,D,2012,2011-2012,78585.97,White
Steve Toth,Steve Toth,D,2013,2013-2014,134738.63,White
Stuart Spitzer,Stuart Spitzer,D,2014,2013-2014,92252.55,White
Sylvester Turner,Sylvester Turner,D,2009,2009-2010,97700,Black
Sylvester Turner,Sylvester Turner,D,2010,2009-2010,247834.62,Black
Sylvester Turner,Sylvester Turner,D,2011,2011-2012,94095,Black
Sylvester Turner,Sylvester Turner,D,2012,2011-2012,200590,Black
Sylvester Turner,Sylvester Turner,D,2013,2013-2014,65000,Black
Sylvester Turner,Sylvester Turner,D,2014,2013-2014,823828.09,Black
Sylvia Garcia,Sylvia Garcia,D,2012,2011-2012,244086.33,Hispanic
Sylvia Garcia,Sylvia Garcia,D,2013,2013-2014,1518475.2,Hispanic
Sylvia Garcia,Sylvia Garcia,D,2014,2013-2014,313414.12,Hispanic
Tan Parker,Tan Parker,R,2009,2009-2010,53482,White
Tan Parker,Tan Parker,R,2010,2009-2010,138144.28,White
Tan Parker,Tan Parker,R,2011,2011-2012,98185,White
Tan Parker,Tan Parker,R,2012,2011-2012,153189.42,White
Tan Parker,Tan Parker,R,2013,2013-2014,101722.98,White
Tan Parker,Tan Parker,R,2014,2013-2014,196855.22,White
Tara Rios Ybarra,Tara Rios Ybarra,D,2009,2009-2010,158753.08,Hispanic
Terri Hodge,Terri Hodge,D,2009,2009-2010,49741.45,Black
Terry Canales,Terry Canales,D,2012,2011-2012,75023.12,Hispanic
Terry Canales,Terry Canales,D,2013,2013-2014,25800,Hispanic
Terry Canales,Terry Canales,D,2014,2013-2014,82570.1,Hispanic
Texans for Charles Schwertner,Charles Schwertner,R,2010,2009-2010,269689.9,White
Texans for Charles Schwertner,Charles Schwertner,R,2011,2011-2012,251914.29,White
Texans for Charles Schwertner,Charles Schwertner,R,2012,2011-2012,655229.28,White
Texans for Charles Schwertner,Charles Schwertner,R,2013,2013-2014,279970.26,White
Texans for Charles Schwertner,Charles Schwertner,R,2014,2013-2014,812656.9,White
Texans for Chris Paddie,Chris Paddie,R,2012,2011-2012,248818.54,White
Texans for Chris Paddie,Chris Paddie,R,2013,2013-2014,128292.77,White
Texans for Chris Paddie,Chris Paddie,R,2014,2013-2014,187068.03,White
Texans For Dade,Dade Phelan,R,2014,2013-2014,192815.66,White
Texans for Dan Branch,Dan Branch,R,2009,2009-2010,733324.04,White
Texans for Dan Branch,Dan Branch,R,2010,2009-2010,591409.31,White
Texans for Dan Branch,Dan Branch,R,2011,2011-2012,1021163.42,White
"Texans for Dan Gattis, Inc. (DISSOLVED)",Dan Gattis,R,2009,2009-2010,170590.05,White
Texans for Dan Patrick,Dan Patrick,R,2009,2009-2010,264359.58,White
Texans for Dan Patrick,Dan Patrick,R,2010,2009-2010,415716.3,White
Texans for Dan Patrick,Dan Patrick,R,2011,2011-2012,228500.85,White
Texans for Dan Patrick,Dan Patrick,R,2012,2011-2012,663090.71,White
Texans for Doug Miller,Doug Miller,R,2010,2009-2010,16950,White
Texans for Doug Miller,Doug Miller,R,2011,2011-2012,2000,White
Texans for Doug Miller,Doug Miller,R,2012,2011-2012,20350,White
Texans for Doug Miller,Doug Miller,R,2013,2013-2014,15300,White
Texans for Doug Miller,Doug Miller,R,2014,2013-2014,18500.66,White
Texans for Harvey Hilderbran,Harvey Hilderbran,R,2011,2011-2012,200667.61,White
Texans for Harvey Hilderbran,Harvey Hilderbran,R,2012,2011-2012,675529.93,White
Texans for Harvey Hilderbran,Harvey Hilderbran,R,2013,2013-2014,1095911.41,White
Texans for Jason Villalba,Jason Villalba,R,2012,2011-2012,909297.39,Hispanic
Texans for Jason Villalba,Jason Villalba,R,2013,2013-2014,172944.7,Hispanic
Texans for Jason Villalba,Jason Villalba,R,2014,2013-2014,243898.72,Hispanic
Texans for Jimmie Don Aycock (DISSOLVED),Jimmie Don Aycock,R,2012,2011-2012,66050,White
Texans for Joan Huffman,Joan Huffman,R,2009,2009-2010,188045.78,White
Texans for Joan Huffman,Joan Huffman,R,2010,2009-2010,349938.34,White
Texans for Joan Huffman,Joan Huffman,R,2011,2011-2012,114075,White
Texans for Joan Huffman,Joan Huffman,R,2012,2011-2012,364603.21,White
Texans for Joan Huffman,Joan Huffman,R,2013,2013-2014,136600.66,White
Texans for Joan Huffman,Joan Huffman,R,2014,2013-2014,644934.87,White
Texans for John Davis (DISSOLVED),John Davis,R,2009,2009-2010,59350,White
Texans for John Davis (DISSOLVED),John Davis,R,2010,2009-2010,195525.52,White
Texans for John Davis (DISSOLVED),John Davis,R,2011,2011-2012,24225,White
Texans for John Davis (DISSOLVED),John Davis,R,2012,2011-2012,196094.28,White
Texans for John Davis (DISSOLVED),John Davis,R,2013,2013-2014,2350,White
Texans for Kelly Hancock SPAC,Kelly Hancock,R,2011,2011-2012,391435,White
Texans for Kelly Hancock SPAC,Kelly Hancock,R,2012,2011-2012,1217568.16,White
Texans for Kelly Hancock SPAC,Kelly Hancock,R,2013,2013-2014,191744.62,White
Texans for Kelly Hancock SPAC,Kelly Hancock,R,2014,2013-2014,541833.51,White
Texans for Rodney Anderson,Rodney Anderson,R,2014,2013-2014,512625.43,White
Texans for Tommy Williams,Tommy Williams,R,2009,2009-2010,252853.31,White
Texans for Tommy Williams,Tommy Williams,R,2010,2009-2010,619920.69,White
Texans for Tommy Williams,Tommy Williams,R,2011,2011-2012,265501,White
Texans for Tommy Williams,Tommy Williams,R,2012,2011-2012,1268092.35,White
Texans for Tommy Williams,Tommy Williams,R,2013,2013-2014,36200,White
Tim Kleinschmidt,Tim Kleinschmidt,R,2009,2009-2010,23855,White
Tim Kleinschmidt,Tim Kleinschmidt,R,2010,2009-2010,531715.15,White
Tim Kleinschmidt,Tim Kleinschmidt,R,2011,2011-2012,19805,White
Tim Kleinschmidt,Tim Kleinschmidt,R,2012,2011-2012,108897.56,White
Tim Kleinschmidt,Tim Kleinschmidt,R,2013,2013-2014,28945,White
Tim Kleinschmidt,Tim Kleinschmidt,R,2014,2013-2014,71537.02,White
Todd A. Hunter,Todd A. Hunter,R,2009,2009-2010,372549.35,White
Todd A. Hunter,Todd A. Hunter,R,2010,2009-2010,547547.99,White
Todd A. Hunter,Todd A. Hunter,R,2011,2011-2012,385165.43,White
Todd A. Hunter,Todd A. Hunter,R,2012,2011-2012,716250.57,White
Todd A. Hunter,Todd A. Hunter,R,2013,2013-2014,420092.89,White
Todd A. Hunter,Todd A. Hunter,R,2014,2013-2014,966298.96,White
Todd Smith,Todd Smith,R,2009,2009-2010,41707.88,White
Todd Smith,Todd Smith,R,2010,2009-2010,230567.14,White
Todd Smith,Todd Smith,R,2011,2011-2012,8975,White
Tom Craddick,Tom Craddick,R,2009,2009-2010,1250,White
Tom Craddick,Tom Craddick,R,2010,2009-2010,49200,White
Tom Craddick,Tom Craddick,R,2011,2011-2012,3700,White
Tom Craddick,Tom Craddick,R,2012,2011-2012,78234.91,White
Tom Craddick,Tom Craddick,R,2013,2013-2014,3250,White
Tom Craddick,Tom Craddick,R,2014,2013-2014,180237.61,White
Tommy Merritt,Tommy Merritt,R,2009,2009-2010,78350.32,White
Toni Rose,Toni Rose,D,2012,2011-2012,112088.59,Black
Toni Rose,Toni Rose,D,2013,2013-2014,18152.03,Black
Toni Rose,Toni Rose,D,2014,2013-2014,100314.05,Black
Tony Dale,Tony Dale,R,2012,2011-2012,449321.68,White
Tony Dale,Tony Dale,R,2013,2013-2014,47606.58,White
Tony Dale,Tony Dale,R,2014,2013-2014,308554.15,White
Tony Tinderholt,Tony Tinderholt,R,2014,2013-2014,163834.4,White
Tracy O. King,Tracy O. King,D,2009,2009-2010,55522.72,White
Tracy O. King,Tracy O. King,D,2010,2009-2010,100575.44,White
Tracy O. King,Tracy O. King,D,2011,2011-2012,63349.8,White
Tracy O. King,Tracy O. King,D,2012,2011-2012,260833.62,White
Tracy O. King,Tracy O. King,D,2013,2013-2014,58920,White
Tracy O. King,Tracy O. King,D,2014,2013-2014,156903.11,White
Travis Clardy,Travis Clardy,R,2012,2011-2012,185457.81,White
Travis Clardy,Travis Clardy,R,2013,2013-2014,39028.87,White
Travis Clardy,Travis Clardy,R,2014,2013-2014,369158.86,White
Trent Ashby,Trent Ashby,R,2012,2011-2012,297462.05,White
Trent Ashby,Trent Ashby,R,2013,2013-2014,130247.5,White
Trent Ashby,Trent Ashby,R,2014,2013-2014,192917.81,White
Trey Martinez Fischer,Trey Martinez Fischer,D,2009,2009-2010,23390.1,Hispanic
Trey Martinez Fischer,Trey Martinez Fischer,D,2010,2009-2010,252377.3,Hispanic
Trey Martinez Fischer,Trey Martinez Fischer,D,2011,2011-2012,19601.36,Hispanic
Trey Martinez Fischer,Trey Martinez Fischer,D,2012,2011-2012,316498.78,Hispanic
Trey Martinez Fischer,Trey Martinez Fischer,D,2013,2013-2014,49909.41,Hispanic
Trey Martinez Fischer,Trey Martinez Fischer,D,2014,2013-2014,826967.29,Hispanic
Tryon D. Lewis,Tryon D. Lewis,R,2009,2009-2010,63594.22,White
Tryon D. Lewis,Tryon D. Lewis,R,2010,2009-2010,99775.59,White
Tryon D. Lewis,Tryon D. Lewis,R,2011,2011-2012,2800,White
Tryon D. Lewis,Tryon D. Lewis,R,2012,2011-2012,120048.82,White
Tryon D. Lewis,Tryon D. Lewis,R,2013,2013-2014,6000,White
Valinda Bolton,Valinda Bolton,D,2009,2009-2010,63500.74,White
Van Taylor,Van Taylor,R,2009,2009-2010,18835,White
Van Taylor,Van Taylor,R,2010,2009-2010,247936.47,White
Van Taylor,Van Taylor,R,2012,2011-2012,139874.07,White
Van Taylor,Van Taylor,R,2013,2013-2014,129967.2,White
Van Taylor,Van Taylor,R,2014,2013-2014,464427.57,White
Veronica Gonzales,Veronica Gonzales,D,2009,2009-2010,96895.81,Hispanic
Veronica Gonzales,Veronica Gonzales,D,2010,2009-2010,315508,Hispanic
Veronica Gonzales,Veronica Gonzales,D,2011,2011-2012,62955,Hispanic
Vicki Truitt,Vicki Truitt,R,2009,2009-2010,177630.97,White
Vicki Truitt,Vicki Truitt,R,2010,2009-2010,398093.21,White
Vicki Truitt,Vicki Truitt,R,2011,2011-2012,127089.69,White
Walter Four Price,Walter Four Price,R,2010,2009-2010,525348.99,White
Walter Four Price,Walter Four Price,R,2011,2011-2012,72925,White
Walter Four Price,Walter Four Price,R,2012,2011-2012,258422.42,White
Walter Four Price,Walter Four Price,R,2013,2013-2014,194019.16,White
Walter Four Price,Walter Four Price,R,2014,2013-2014,435120.32,White
Warren Chisum,Warren Chisum,R,2009,2009-2010,40450,White
Warren Chisum,Warren Chisum,R,2010,2009-2010,102500,White
Warren Chisum,Warren Chisum,R,2011,2011-2012,280101.1,White
Wayne Christian,Wayne Christian,R,2009,2009-2010,43813,White
Wayne Christian,Wayne Christian,R,2010,2009-2010,99599.41,White
Wayne Christian,Wayne Christian,R,2011,2011-2012,51579.33,White
Wayne Faircloth,Wayne Faircloth,R,2014,2013-2014,1183158.51,White
Wayne Smith,Wayne Smith,R,2009,2009-2010,73967.55,White
Wayne Smith,Wayne Smith,R,2010,2009-2010,98150.86,White
Wayne Smith,Wayne Smith,R,2011,2011-2012,41501.66,White
Wayne Smith,Wayne Smith,R,2012,2011-2012,179338.95,White
Wayne Smith,Wayne Smith,R,2013,2013-2014,157233.83,White
Wayne Smith,Wayne Smith,R,2014,2013-2014,201464.97,White
Wendy Davis,Wendy Davis,D,2009,2009-2010,312330,White
Wendy Davis,Wendy Davis,D,2010,2009-2010,643050.25,White
Wendy Davis,Wendy Davis,D,2011,2011-2012,587417.26,White
Will Hartnett,Will Hartnett,R,2009,2009-2010,14425,White
Will Hartnett,Will Hartnett,R,2010,2009-2010,182093.49,White
Will Hartnett,Will Hartnett,R,2011,2011-2012,3700,White
Will Metcalf,Will Metcalf,R,2013,2013-2014,86260,White
Will Metcalf,Will Metcalf,R,2014,2013-2014,185583.6,White
William Bill Callegari,William Bill Callegari,R,2009,2009-2010,9950,White
William Bill Callegari,William Bill Callegari,R,2010,2009-2010,152809.86,White
William Bill Callegari,William Bill Callegari,R,2011,2011-2012,8250,White
William Bill Callegari,William Bill Callegari,R,2012,2011-2012,211936.43,White
William Bill Zedler,Bill Zedler,R,2010,2009-2010,757792.15,White
William Bill Zedler,Bill Zedler,R,2011,2011-2012,29284.49,White
William Bill Zedler,Bill Zedler,R,2012,2011-2012,125187.34,White
William Bill Zedler,Bill Zedler,R,2013,2013-2014,10350,White
William Bill Zedler,Bill Zedler,R,2014,2013-2014,52300,White
Workman for Texas,Paul Workman,R,2010,2009-2010,702723.27,White
Workman for Texas,Paul Workman,R,2011,2011-2012,174560.27,White
Workman for Texas,Paul Workman,R,2012,2011-2012,350432.77,White
Workman for Texas,Paul Workman,R,2013,2013-2014,103435,White
Workman for Texas,Paul Workman,R,2014,2013-2014,163966.01,White
Yvonne Davis,Yvonne Davis,D,2009,2009-2010,65725.89,Black
Yvonne Davis,Yvonne Davis,D,2010,2009-2010,104391,Black
Yvonne Davis,Yvonne Davis,D,2011,2011-2012,32907,Black
Yvonne Davis,Yvonne Davis,D,2012,2011-2012,173433,Black
Yvonne Davis,Yvonne Davis,D,2013,2013-2014,104709.72,Black
Yvonne Davis,Yvonne Davis,D,2014,2013-2014,210851,Black
Yvonne Gonzalez Toureilles,Yvonne Gonzalez Toureilles,D,2009,2009-2010,62922.48,Hispanic
